{
  "loc": "sofia",
  "fee": 30.0,
  "solver": {
    "n": 2920,
    "t": 51.52000093460083,
    "tmax": 0.4914979934692383,
    "vars": 168,
    "bins": 24,
    "cons": 120
  },
  "grid_only": 39096.04370482106,
  "pv_only": {
    "cost": 13135.346481024539,
    "peak": 44.66059542569551
  },
  "pv_MWh": 294.52800000000013,
  "load_MWh": 280.0,
  "site_pv": {
    "P1": {
      "cost": 11188.27408830286,
      "gridonly": 21638.482789172587,
      "pv_MWh": 104.00000000000003,
      "load_MWh": 160.0,
      "exp_MWh": 8.20476891293985
    },
    "P2": {
      "cost": 11334.643203230826,
      "gridonly": 17457.560915648468,
      "pv_MWh": 62.40000000000001,
      "load_MWh": 120.0,
      "exp_MWh": 9.657303585309597
    },
    "P3": {
      "cost": -9387.570810509147,
      "gridonly": 0.0,
      "pv_MWh": 128.12800000000004,
      "load_MWh": 0.0,
      "exp_MWh": 107.32605439961047
    }
  },
  "site_indiv": {
    "P1": {
      "cost": 5891.559745042819,
      "peak": 71.01462,
      "exp_MWh": 30.107101532501996
    },
    "P2": {
      "cost": 6295.678715807084,
      "peak": 46.160536,
      "exp_MWh": 15.198623236504
    },
    "P3": {
      "cost": -20829.032448995833,
      "peak": 125.0,
      "exp_MWh": 155.04351167454197
    }
  },
  "indiv": {
    "cost": -8641.79398814592,
    "peak": 241.236581,
    "sc": 31.97616646174628,
    "ss": 25.212468801570964,
    "cyc": {
      "P1": 461.6703710807231,
      "P2": 428.58048345543114,
      "P3": 384.5954802974278
    },
    "cur_MWh": 6.111725229200048
  },
  "coord": {
    "cost": -10121.59327262479,
    "peak": 241.23658,
    "sc": 40.96104266410576,
    "ss": 35.198699167721436,
    "cyc": {
      "P1": 484.32697313216823,
      "P2": 410.6261819776757,
      "P3": 376.8175671426427
    },
    "cur_MWh": 4.836546957500049
  },
  "indiv_cap": {
    "cost": -7794.923232272121,
    "peak": 132.960572,
    "sc": 44.9844385572119,
    "ss": 41.196637130641335,
    "cyc": {
      "P1": 362.4131209169872,
      "P2": 334.823147190696,
      "P3": 313.29521394464894
    },
    "cur_MWh": 3.1140562160000456
  },
  "coord_cap": {
    "cost": -9261.490391402293,
    "peak": 140.36851,
    "sc": 56.356236520999715,
    "ss": 53.78880951016078,
    "cyc": {
      "P1": 360.5044954084087,
      "P2": 349.45698186718374,
      "P3": 297.0770104672676
    },
    "cur_MWh": 1.7974105353000465
  }
}