{
  "loc": "sz",
  "fee": 30.0,
  "solver": {
    "n": 2920,
    "t": 50.77967309951782,
    "tmax": 0.1954653263092041,
    "vars": 168,
    "bins": 24,
    "cons": 120
  },
  "grid_only": 39096.04370482106,
  "pv_only": {
    "cost": 11431.866891058817,
    "peak": 44.66059542569551
  },
  "pv_MWh": 314.9184,
  "load_MWh": 280.0,
  "site_pv": {
    "P1": {
      "cost": 10512.16945515594,
      "gridonly": 21638.482789172587,
      "pv_MWh": 111.2,
      "load_MWh": 160.0,
      "exp_MWh": 10.370521912714324
    },
    "P2": {
      "cost": 10974.16403026455,
      "gridonly": 17457.560915648468,
      "pv_MWh": 66.72,
      "load_MWh": 120.0,
      "exp_MWh": 12.203980694693373
    },
    "P3": {
      "cost": -10054.466594361671,
      "gridonly": 0.0,
      "pv_MWh": 136.99840000000003,
      "load_MWh": 0.0,
      "exp_MWh": 114.78926030717011
    }
  },
  "site_indiv": {
    "P1": {
      "cost": 5210.457646048541,
      "peak": 70.076045,
      "exp_MWh": 31.779779508717603
    },
    "P2": {
      "cost": 5884.442303010404,
      "peak": 46.160536,
      "exp_MWh": 15.806709529074
    },
    "P3": {
      "cost": -21544.518700086748,
      "peak": 125.0,
      "exp_MWh": 161.51054899995702
    }
  },
  "indiv": {
    "cost": -10449.618751027832,
    "peak": 241.236581,
    "sc": 33.60278788481443,
    "ss": 28.88381184636516,
    "cyc": {
      "P1": 458.80390884098193,
      "P2": 426.8321575507449,
      "P3": 385.59079109401335
    },
    "cur_MWh": 7.469750895690015
  },
  "coord": {
    "cost": -11905.363290529896,
    "peak": 241.23658,
    "sc": 41.79103600450276,
    "ss": 38.69974185064393,
    "cyc": {
      "P1": 485.9019140884191,
      "P2": 412.2958395351019,
      "P3": 378.24711181664367
    },
    "cur_MWh": 5.934181208300014
  },
  "indiv_cap": {
    "cost": -9693.956810431668,
    "peak": 131.65895799999998,
    "sc": 45.76242562174615,
    "ss": 44.866855981781285,
    "cyc": {
      "P1": 357.6493286394843,
      "P2": 333.921435627479,
      "P3": 314.765323306921
    },
    "cur_MWh": 4.446053758190015
  },
  "coord_cap": {
    "cost": -11194.489395472367,
    "peak": 140.36851,
    "sc": 56.55753633478673,
    "ss": 57.69369508994464,
    "cyc": {
      "P1": 359.07328516549364,
      "P2": 347.9124268804363,
      "P3": 300.53023930136357
    },
    "cur_MWh": 2.895044800530015
  }
}