{
  "p3_sofia": {
    "grid_charge": -20829.032448995833,
    "no_grid": -19718.69222415281
  },
  "p3_sz": {
    "grid_charge": -21544.518700086748,
    "no_grid": -20509.97856355418
  },
  "wheel_10": {
    "energy": -10101.894215030316,
    "wheeling": 316.1325464011576,
    "total": -9785.761668629159
  },
  "wheel_20": {
    "energy": -9940.932806293084,
    "wheeling": 416.580576851426,
    "total": -9524.352229441658
  }
}